{"uhodrozisk":{"v":[82]},"freebankkey":{"v":[85]},"oopda":{"v":[123]},"megafstop":{"v":[77]},"uncuffkey":{"v":{}},"summakey":{"v":[76]},"depcoord":{"v":[66]},"offotig":{"v":{}},"starttrafficAdam":{"v":[89]},"dejectkey":{"v":{}},"followkey":{"v":{}},"testbindkey":{"v":[84]},"tazerkey":{"v":{}},"arrestkey":{"v":{}},"cputkey":{"v":{}},"takekey":{"v":{}},"fastmenukey":{"v":[113]},"hikey":{"v":[73]},"vzaimkey":{"v":{}},"oopnet":{"v":[122]},"sirenkey":{"v":{}},"cejectkey":{"v":{}},"megafkey":{"v":[18,77]},"freenalkey":{"v":[89]},"cuffkey":{"v":{}},"patruloff":{"v":[75]},"stoptrafficLincoln":{"v":[79]},"coord":{"v":[67]},"stoptrafficAdam":{"v":[85]},"patrulmenukey":{"v":[114]},"starttrafficLincoln":{"v":[84]}}