{"uhodrozisk":{"v":[82]},"uncuffkey":{"v":{}},"oopda":{"v":[123]},"megafstop":{"v":[77]},"coord":{"v":[67]},"summakey":{"v":[76]},"depcoord":{"v":[66]},"offotig":{"v":{}},"freebankkey":{"v":[85]},"dejectkey":{"v":{}},"followkey":{"v":{}},"cputkey":{"v":{}},"tazerkey":{"v":{}},"arrestkey":{"v":{}},"starttrafficAdam":{"v":[89]},"takekey":{"v":{}},"fastmenukey":{"v":[113]},"hikey":{"v":[73]},"vzaimkey":{"v":{}},"oopnet":{"v":[122]},"sirenkey":{"v":{}},"cejectkey":{"v":{}},"megafkey":{"v":[18,77]},"freenalkey":{"v":[89]},"cuffkey":{"v":{}},"patruloff":{"v":[75]},"stoptrafficLincoln":{"v":[79]},"stoptrafficAdam":{"v":[85]},"testbindkey":{"v":[84]},"patrulmenukey":{"v":[114]},"starttrafficLincoln":{"v":[84]}}